{
  "schemaVersion": 1,
  "id": "visualp2",
  "version": "1.0.0",
  "name": "F1rstVisualP2",
  "description": "Мод с визуальными эффектами, меню и оптимизацией.",
  "authors": ["First 久"],
  "contact": {
    "homepage": "https://github.com/yourname/F1rstVisualP2"
  },
  "license": "MIT",
  "environment": "*",
  "entrypoints": {
    "client": [
      "com.first.visualp2.F1rstVisualP2"
    ]
  },
  "depends": {
    "fabricloader": ">=0.11.3",
    "fabric": "*",
    "minecraft": "1.16.5"
  }
}
